id,username,email,website
1,Bret,Sincere@april.biz,hildegard.org
2,Antonette,Shanna@melissa.tv,anastasia.net
3,Samantha,Nathan@yesenia.net,ramiro.info
4,Karianne,Julianne.OConner@kory.org,kale.biz
5,Kamren,Lucio_Hettinger@annie.ca,demarco.info
6,Leopoldo_Corkery,Karley_Dach@jasper.info,ola.org
7,Elwyn.Skiles,Telly.Hoeger@billy.biz,elvis.io
8,Maxime_Nienow,Sherwood@rosamond.me,jacynthe.com
9,Delphine,Chaim_McDermott@dana.io,conrad.com
10,Moriah.Stanton,Rey.Padberg@karina.biz,ambrose.net
